braintreeCommerceOrderId,miraklOrderId,miraklSellerId,miraklTransactionLineId,miraklTransactionTime,TransactionType,braintreeAmount,miraklDebitAmount,miraklCreditAmount,currencyIsoCode,braintreeTransactionId,braintreeTransactionTime
339957000,,,,,OPERATOR_ORDER_AMOUNT,289.99,,,USD,1y69pg0v,2021-05-20 12:44:59
,,,,,OPERATOR_ORDER_AMOUNT,1.00,,,USD,rhvcvb07,2021-05-21 09:15:04
,,,,,OPERATOR_ORDER_AMOUNT,1.00,,,USD,a32nx3qm,2021-05-27 14:53:43
,,,,,OPERATOR_ORDER_AMOUNT,1.00,,,USD,5zx03dcj,2021-05-27 14:43:34
780980000,,,,,OPERATOR_ORDER_AMOUNT,141.99,,,USD,61bsxrd2,2021-06-03 15:59:41
806369000,,,,,REFUND_OPERATOR_ORDER_AMOUNT,-30.00,,,USD,dzjb639m,2021-06-01 12:39:19
780980000,,,,,REFUND_OPERATOR_ORDER_AMOUNT,-141.99,,,USD,7m9wh2zw,2021-06-03 21:54:56
589618000,,,,,OPERATOR_ORDER_AMOUNT,177.87,,,USD,nbrvcsw8,2021-06-01 10:10:13
473103000,,,,,OPERATOR_ORDER_AMOUNT,171.41,,,USD,g283mtmy,2021-06-01 10:15:06
339957000,,,,,REFUND_OPERATOR_ORDER_AMOUNT,-100.00,,,USD,d4t5291m,2021-05-26 09:14:42
,,,,,OPERATOR_ORDER_AMOUNT,1.00,,,USD,8d0gy436,2021-05-28 14:18:23
,,,,,OPERATOR_ORDER_AMOUNT,1.00,,,USD,d6qvaa23,2021-05-27 15:51:24
338717000,,,,,OPERATOR_ORDER_AMOUNT,191.92,,,USD,a9c475w5,2021-05-31 12:36:40
,,,,,OPERATOR_ORDER_AMOUNT,1.00,,,USD,f8wyygzf,2021-05-27 14:45:50
473103000,,,,,REFUND_OPERATOR_ORDER_AMOUNT,-100.00,,,USD,9wrk37dp,2021-06-01 14:59:22
589618000,,,,,REFUND_OPERATOR_ORDER_AMOUNT,-177.87,,,USD,nptjmqxw,2021-06-01 12:28:00
806369000,,,,,REFUND_OPERATOR_ORDER_AMOUNT,-43.00,,,USD,8ptw3fet,2021-06-01 12:39:18
871633000,,,,,REFUND_OPERATOR_ORDER_AMOUNT,-20.00,,,USD,8hwy5dft,2021-05-26 09:28:31
115017000,,,,,OPERATOR_ORDER_AMOUNT,49.49,,,USD,1as94329,2021-05-20 15:23:57
370612000,,,,,OPERATOR_ORDER_AMOUNT,189.87,,,USD,187hzmhr,2021-06-02 10:55:55
473103000,,,,,REFUND_OPERATOR_ORDER_AMOUNT,-45.00,,,USD,r7dkb2e4,2021-06-01 15:02:49
486737000,,,,,REFUND_OPERATOR_ORDER_AMOUNT,-43.00,,,USD,6t4afex7,2021-06-02 11:00:17
127796000,,,,,OPERATOR_ORDER_AMOUNT,189.87,,,USD,dr9crp8y,2021-05-31 12:55:52
,,53681,c60d37bb-862b-4873-b757-e31ee8ed55ae,2021-06-14 22:02:06,PAYMENT,0,0.00,2.00,USD,,
,952136000-A,53681,796ee888-046b-4558-980a-ec2924a0a4a6,2021-06-14 16:46:28,REFUND_COMMISSION_VAT,0,0.00,0.00,USD,,
,952136000-A,53681,52036ee9-dde9-40fa-a06b-c8285d287351,2021-06-14 16:46:28,REFUND_COMMISSION_FEE,0,0.00,0.00,USD,,
,952136000-A,53681,b9252694-d50b-4883-b274-2d422baca9d5,2021-06-14 16:46:28,REFUND_ORDER_SHIPPING_AMOUNT,0,2.00,0.00,USD,,
,952136000-A,53681,c8c633f0-b1a8-43cb-adc0-af3012c6b3a0,2021-06-14 16:46:28,REFUND_ORDER_AMOUNT,0,0.00,0.00,USD,,
,,64945,f006f38d-c57a-4cc3-968c-67872f82c245,2021-06-14 14:19:21,MANUAL_CREDIT_VAT,0,0.00,0.00,EUR,,
,,64945,60df2716-8335-4a68-bfe2-a3a070dd7140,2021-06-14 14:19:21,MANUAL_CREDIT,0,0.00,250.00,EUR,,
,,64232,231a5bed-810f-48c7-82b4-e3d2b6b61554,2021-06-11 11:47:53,MANUAL_CREDIT_VAT,0,0.00,0.00,EUR,,
,,64232,e34b588f-eb84-456d-9ee1-05a866f0bc30,2021-06-11 11:47:53,MANUAL_CREDIT,0,0.00,732.54,EUR,,
,,64236,b901fa5b-8bec-4e80-af8d-ed9c24b7b4f0,2021-06-11 11:47:53,MANUAL_CREDIT_VAT,0,0.00,0.00,EUR,,
,,64236,492c1365-1a4a-48ee-8c3a-28cc5bea44f4,2021-06-11 11:47:53,MANUAL_CREDIT,0,0.00,1702.10,EUR,,
,,64180,4223d384-34a3-4493-ba99-ff87800b170d,2021-06-11 11:43:44,MANUAL_CREDIT_VAT,0,0.00,0.00,EUR,,
,,64180,ca6afe34-f2d9-4bef-b8b5-e077e8db616a,2021-06-11 11:43:44,MANUAL_CREDIT,0,0.00,8253.60,EUR,,
,,64183,68a6831e-073b-476d-b1c4-9f5d6cfa06af,2021-06-11 11:43:44,MANUAL_CREDIT_VAT,0,0.00,0.00,EUR,,
,,64183,b38db56d-1df3-424f-91a7-5c2cd5c07896,2021-06-11 11:43:44,MANUAL_CREDIT,0,0.00,8288.01,EUR,,
,,64174,0f0d28d0-9525-4029-a546-cfb59a88e402,2021-06-11 11:42:55,MANUAL_CREDIT_VAT,0,0.00,0.00,EUR,,
,,64174,bb629842-5621-4a9f-9c48-92f26e06fb7d,2021-06-11 11:42:55,MANUAL_CREDIT,0,0.00,555.26,EUR,,
,,64175,05a19523-e4ce-410f-a13d-562ff105a1a4,2021-06-11 11:42:54,MANUAL_CREDIT_VAT,0,0.00,0.00,EUR,,
,,64175,74c77b5e-a4b6-49d5-b8bf-f1ef13b92c03,2021-06-11 11:42:54,MANUAL_CREDIT,0,0.00,6771.95,EUR,,
,,64150,475f9a8c-2b9b-4b86-9463-534a9e2645ce,2021-06-11 11:40:43,MANUAL_CREDIT_VAT,0,0.00,0.00,EUR,,
,,64150,5a9d600a-b345-4b94-8f92-a148aa5bb149,2021-06-11 11:40:43,MANUAL_CREDIT,0,0.00,10927.07,EUR,,
,,64153,5557c306-682c-43f4-b567-b0353887a88b,2021-06-11 11:40:41,MANUAL_CREDIT_VAT,0,0.00,0.00,EUR,,
,,64153,3aed798f-0f27-4e6f-956a-82e0da8ed505,2021-06-11 11:40:41,MANUAL_CREDIT,0,0.00,15527.56,EUR,,
,,64031,7c6c7d3d-bdcb-4aae-b303-9e431ed352da,2021-06-11 11:15:47,MANUAL_CREDIT_VAT,0,0.00,0.00,EUR,,
,,64031,c9fdd661-e1e9-4304-9fa4-c79d0f8dc7bc,2021-06-11 11:15:47,MANUAL_CREDIT,0,0.00,1076.31,EUR,,
,,40054,0d433bb0-1fb9-483d-bd8d-ba8c15a5d5f6,2021-06-11 08:33:55,MANUAL_CREDIT_VAT,0,0.00,0.00,EUR,,
,,40054,a8b3fdf8-9bab-4a56-9484-a9a20e4133b5,2021-06-11 08:33:55,MANUAL_CREDIT,0,0.00,300.00,EUR,,
,,3030,c8256d38-9a17-4ec0-9978-a7bf4631b49c,2021-06-11 08:25:41,MANUAL_CREDIT_VAT,0,0.00,0.00,EUR,,
,,3030,a5166610-0f26-45f2-8545-40ff85be275c,2021-06-11 08:25:41,MANUAL_CREDIT,0,0.00,20.00,EUR,,
,,3030,7ebc0e82-d993-4fa7-bd2a-2acaafe72662,2021-06-11 08:25:41,MANUAL_CREDIT_VAT,0,0.00,0.00,EUR,,
,,3030,f7d7ec74-400b-4380-9ec4-9d6da3e71fa7,2021-06-11 08:25:41,MANUAL_CREDIT,0,0.00,99.00,EUR,,
,,53681,f0f7d7a4-ff6e-4857-976b-74958e16c6e9,2021-06-03 22:01:37,PAYMENT,0,0.00,0.00,USD,,
,,21453,5c739f4b-951a-4379-a995-6d326b3999d3,2021-06-03 22:01:37,PAYMENT,0,0.00,0.00,USD,,
,,53681,037c704b-a33b-4214-9595-703419fef6a3,2021-06-02 22:01:18,PAYMENT,0,0.00,43.00,USD,,
,907308000-A,53681,2f40c1d1-285d-4271-b545-d330899496f0,2021-06-02 11:06:42,REFUND_COMMISSION_VAT,0,0.00,0.00,USD,,
,907308000-A,53681,d4779e1f-c051-4788-a99a-ec2d3409a760,2021-06-02 11:06:42,REFUND_COMMISSION_FEE,0,0.00,0.00,USD,,
,907308000-A,53681,e6fc0af2-8f73-43fc-bea9-97eb06e7c902,2021-06-02 11:06:42,REFUND_ORDER_SHIPPING_AMOUNT,0,2.00,0.00,USD,,
,907308000-A,53681,2b584e11-e26f-4074-ac41-6e90c93ac2d0,2021-06-02 11:06:42,REFUND_ORDER_AMOUNT,0,150.00,0.00,USD,,
,,53681,50bad648-9482-44fa-87db-879ac61d8a63,2021-06-01 22:01:37,PAYMENT,0,43.00,0.00,USD,,
,,21453,0fc7a1ec-0ed8-4553-bb6f-d489bc2f3359,2021-06-01 22:01:36,PAYMENT,0,127.00,0.00,USD,,
,,53681,5c3019a2-880e-491e-9334-397c2be3b5ff,2021-05-26 22:00:56,PAYMENT,0,0.00,20.00,USD,,
,000000005-A,2454,df17d21b-67fe-46d9-a05e-11f0540468c2,2021-05-26 09:23:04,REFUND_COMMISSION_VAT,0,0.00,0.00,EUR,,
,000000005-A,2454,75d935d5-fdb9-4ff0-a6e5-d169aaa6d4ee,2021-05-26 09:23:04,REFUND_COMMISSION_FEE,0,0.00,5.00,EUR,,
,000000005-A,2454,1ff2d619-c1f2-44b6-96ef-dc8bc9f859b7,2021-05-26 09:23:04,REFUND_ORDER_SHIPPING_AMOUNT,0,0.00,0.00,EUR,,
,000000005-A,2454,f69cedd8-7c13-4e3c-9bfd-fb63174b56d7,2021-05-26 09:23:04,REFUND_ORDER_AMOUNT,0,50.00,0.00,EUR,,
,,53681,1700d8d8-547d-4cd4-b892-502b2fed5986,2021-05-21 22:01:11,PAYMENT,0,22.00,0.00,USD,,
,,21453,b48db6a7-28c1-4801-a11f-73c26e75b7a7,2021-05-21 22:01:11,PAYMENT,0,222.00,0.00,USD,,
,,21453,c6c66dc6-f252-4816-bc9f-d7285f9b29f4,2021-05-21 11:23:30,MANUAL_CREDIT_VAT,0,0.00,0.00,USD,,
,,21453,a6c6fd8e-d4f5-430a-8794-c983f2809fd5,2021-05-21 11:23:30,MANUAL_CREDIT,0,0.00,20.00,USD,,
,,21453,7945838d-4442-458a-85ce-cea2db79e4e9,2021-05-21 11:23:30,MANUAL_CREDIT_VAT,0,0.00,0.00,USD,,
,,21453,5dd7f7ba-41e0-4b49-ac51-789574efe621,2021-05-21 11:23:30,MANUAL_CREDIT,0,0.00,100.00,USD,,
,,53681,91ad4605-08d2-4276-8c8b-4734661054ff,2021-05-20 22:00:58,PAYMENT,0,183.95,0.00,USD,,
,,21453,a7d35bf3-514c-4285-baaf-a7e4f8f568c8,2021-05-20 22:00:58,PAYMENT,0,124.00,0.00,USD,,
,,16485,9c51a6ee-2c10-4354-b064-43a8b95c78a4,2021-03-08 09:12:12,MANUAL_CREDIT_VAT,0,0.00,0.00,EUR,,
,,16485,422ab658-baf6-4d8c-b8f4-4494299648c1,2021-03-08 09:12:12,MANUAL_CREDIT,0,0.00,100.00,EUR,,
,,3997,4ee2ca32-7f54-4c7b-b7d5-9f5962ba5e4b,2021-02-20 23:00:20,PAYMENT,0,135.00,0.00,EUR,,
,,3033,c7b3e4e3-7cd1-4cfc-a5ca-1a574d5d65af,2021-02-10 15:50:58,MANUAL_CREDIT_VAT,0,0.00,0.00,EUR,,
,,3033,96b19633-8226-45b0-bc88-824e39ec8ca7,2021-02-10 15:50:58,MANUAL_CREDIT,0,0.00,100.00,EUR,,
,,3033,87f8da79-3a4e-4765-8eef-b94b4d031bee,2021-02-10 15:49:18,MANUAL_INVOICE_VAT,0,0.00,0.00,EUR,,
,,3033,6a13b7c2-1bda-43bf-ab9c-fc266947dc96,2021-02-10 15:49:18,MANUAL_INVOICE,0,100.00,0.00,EUR,,
,,4000,c089496f-6a40-4abf-a1bc-6642e9af52d2,2021-01-25 23:00:20,PAYMENT,0,810.00,0.00,EUR,,
,,3999,d2980d0c-00fd-4b61-8764-09b77a14a6a4,2021-01-25 23:00:19,PAYMENT,0,135.00,0.00,EUR,,
,,3998,193a705a-9d6c-4924-8637-4c68edb5e262,2021-01-25 23:00:19,PAYMENT,0,225.00,0.00,EUR,,
,Order_00000600005-A,4000,c5b82141-56e2-4955-8f15-1ac875c60fd6,2021-01-25 16:26:50,COMMISSION_VAT,0,0.00,0.00,EUR,,
,Order_00000600005-A,4000,260b0403-665e-4ad6-a4e3-b1435eae5af3,2021-01-25 16:26:50,COMMISSION_FEE,0,5.00,0.00,EUR,,
,Order_00000600005-A,4000,d8e241ca-e79f-439f-ae57-bbdb85615dea,2021-01-25 16:26:50,ORDER_SHIPPING_AMOUNT,0,0.00,0.00,EUR,,
,Order_00000600005-A,4000,f2b76c4a-f3aa-4cbd-9a12-0db5bab32b31,2021-01-25 16:26:50,ORDER_AMOUNT,0,0.00,50.00,EUR,,
,Order_00000600004-A,4000,6c253b00-c728-4700-9fb2-20e4ed94bfe9,2021-01-25 16:26:46,COMMISSION_VAT,0,0.00,0.00,EUR,,
,Order_00000600004-A,4000,8d7ceb3c-6140-4ca7-b40a-28bdc8cbeebe,2021-01-25 16:26:46,COMMISSION_FEE,0,5.00,0.00,EUR,,
,Order_00000600004-A,4000,8c7d1735-7bf9-40b7-94e9-988dd63708b3,2021-01-25 16:26:46,ORDER_SHIPPING_AMOUNT,0,0.00,0.00,EUR,,
,Order_00000600004-A,4000,8490a0f4-9d41-4cad-b90f-69d902e9a4a3,2021-01-25 16:26:46,ORDER_AMOUNT,0,0.00,50.00,EUR,,
,Order_00000600003-A,4000,7e95b539-3318-4360-90e9-70375c00fde1,2021-01-25 16:26:43,COMMISSION_VAT,0,0.00,0.00,EUR,,
,Order_00000600003-A,4000,41df1a84-343e-447e-9fef-787615e6d4aa,2021-01-25 16:26:43,COMMISSION_FEE,0,5.00,0.00,EUR,,
,Order_00000600003-A,4000,1ab1bfc6-9544-4987-b8f7-f8596f2b4468,2021-01-25 16:26:43,ORDER_SHIPPING_AMOUNT,0,0.00,0.00,EUR,,
,Order_00000600003-A,4000,d0818c92-1e25-4ee7-87fe-d2e52d62264f,2021-01-25 16:26:43,ORDER_AMOUNT,0,0.00,50.00,EUR,,
,Order_00000600002-A,4000,f63a2bcf-7060-4b42-b7a0-929a96ce9f90,2021-01-25 16:26:34,COMMISSION_VAT,0,0.00,0.00,EUR,,
,Order_00000600002-A,4000,6307d684-4869-4913-a47b-0c6ab3db737c,2021-01-25 16:26:34,COMMISSION_FEE,0,25.00,0.00,EUR,,
,Order_00000600002-A,4000,1f91d982-57b7-4c75-b471-8d5ba6c747f7,2021-01-25 16:26:34,ORDER_SHIPPING_AMOUNT,0,0.00,0.00,EUR,,
,Order_00000600002-A,4000,ddef9ad6-a892-4bb5-bada-0571a364ce15,2021-01-25 16:26:34,ORDER_AMOUNT,0,0.00,250.00,EUR,,
,Order_00000600001-A,4000,52bdd0ac-eadc-4c3c-bd23-4b23293ea357,2021-01-25 16:26:25,COMMISSION_VAT,0,0.00,0.00,EUR,,
,Order_00000600001-A,4000,b790e03d-ffe9-4143-84b1-98c925837766,2021-01-25 16:26:25,COMMISSION_FEE,0,50.00,0.00,EUR,,
,Order_00000600001-A,4000,fe10362a-c6bb-437b-9045-06045677bf50,2021-01-25 16:26:25,ORDER_SHIPPING_AMOUNT,0,0.00,0.00,EUR,,
,Order_00000600001-A,4000,de9c4595-4fd8-444a-bf2f-d0c093234cd3,2021-01-25 16:26:25,ORDER_AMOUNT,0,0.00,500.00,EUR,,
,Order_00000500003-A,3997,39a9e6da-5151-4024-a20b-e826b7d1478c,2021-01-25 16:22:37,COMMISSION_VAT,0,0.00,0.00,EUR,,
,Order_00000500003-A,3997,fb243d90-6d41-4676-990a-d8f10fbef7e4,2021-01-25 16:22:37,COMMISSION_FEE,0,5.00,0.00,EUR,,
,Order_00000500003-A,3997,eacdff5e-f9e8-44f2-a59f-812d41ddaef0,2021-01-25 16:22:37,ORDER_SHIPPING_AMOUNT,0,0.00,0.00,EUR,,
,Order_00000500003-A,3997,21bde431-11ea-4a9e-b917-c015268d5e96,2021-01-25 16:22:37,ORDER_AMOUNT,0,0.00,50.00,EUR,,
,Order_00000500002-A,3997,077bc7cb-8dcc-4604-99c7-f0f1a692c3eb,2021-01-25 16:22:34,COMMISSION_VAT,0,0.00,0.00,EUR,,
,Order_00000500002-A,3997,a6b9d0a2-452a-474f-b840-e370f1ffe7d4,2021-01-25 16:22:34,COMMISSION_FEE,0,5.00,0.00,EUR,,
,Order_00000500002-A,3997,9c253363-16a8-40d6-b31b-2cbb3539bd61,2021-01-25 16:22:34,ORDER_SHIPPING_AMOUNT,0,0.00,0.00,EUR,,
,Order_00000500002-A,3997,a35655d4-b4eb-40e5-b205-399b9bbd59ee,2021-01-25 16:22:34,ORDER_AMOUNT,0,0.00,50.00,EUR,,
,Order_00000500001-A,3997,8e4c3987-d8be-475e-8e48-61d0b565462c,2021-01-25 16:22:31,COMMISSION_VAT,0,0.00,0.00,EUR,,
,Order_00000500001-A,3997,2a4cf857-48df-4238-afd5-46afe765ab1e,2021-01-25 16:22:31,COMMISSION_FEE,0,5.00,0.00,EUR,,
,Order_00000500001-A,3997,4b6afbe7-8c9e-4c6a-af45-de6878fe925e,2021-01-25 16:22:31,ORDER_SHIPPING_AMOUNT,0,0.00,0.00,EUR,,
,Order_00000500001-A,3997,338dfd31-90e4-4101-815e-f2d1c19bd3e5,2021-01-25 16:22:31,ORDER_AMOUNT,0,0.00,50.00,EUR,,
,Order_00000400001-A,3999,25fc411e-9739-4040-9d8b-c9d408c25daf,2021-01-25 16:20:53,COMMISSION_VAT,0,0.00,0.00,EUR,,
,Order_00000400001-A,3999,f8dce462-8f6c-4462-a4ed-1beea59299f0,2021-01-25 16:20:53,COMMISSION_FEE,0,15.00,0.00,EUR,,
,Order_00000400001-A,3999,84a04850-f18e-4993-8282-e89b4a878c06,2021-01-25 16:20:53,ORDER_SHIPPING_AMOUNT,0,0.00,0.00,EUR,,
,Order_00000400001-A,3999,c27c146d-cf3b-46a6-893c-e79a10ac7057,2021-01-25 16:20:53,ORDER_AMOUNT,0,0.00,150.00,EUR,,
,Order_00000300002-A,3998,0247f75c-2af0-49ee-ad01-8095dd644a8f,2021-01-25 16:12:58,COMMISSION_VAT,0,0.00,0.00,EUR,,
,Order_00000300002-A,3998,df29e540-dc39-4a40-ac3c-a719771448ca,2021-01-25 16:12:58,COMMISSION_FEE,0,20.00,0.00,EUR,,
,Order_00000300002-A,3998,f62374ec-5ab1-4972-8e2a-9f43bf40893d,2021-01-25 16:12:58,ORDER_SHIPPING_AMOUNT,0,0.00,0.00,EUR,,
,Order_00000300002-A,3998,b2177c60-a6b6-4495-865d-14a4d47d207a,2021-01-25 16:12:58,ORDER_AMOUNT,0,0.00,200.00,EUR,,
,Order_00000300001-A,3998,47f60f1b-efed-4d77-b494-7bb6905891e5,2021-01-25 16:12:50,COMMISSION_VAT,0,0.00,0.00,EUR,,
,Order_00000300001-A,3998,da4cfe57-f6c7-4e7a-a93b-5b25f17fba7c,2021-01-25 16:12:50,COMMISSION_FEE,0,5.00,0.00,EUR,,
,Order_00000300001-A,3998,22cb3d8c-b269-41d9-8047-a54e872d63b0,2021-01-25 16:12:50,ORDER_SHIPPING_AMOUNT,0,0.00,0.00,EUR,,
,Order_00000300001-A,3998,8abda8f2-7928-4b87-a151-273342769c74,2021-01-25 16:12:50,ORDER_AMOUNT,0,0.00,50.00,EUR,,
,,4001,8baf472c-bbfb-4131-8e5b-67921e04385d,2021-01-21 23:00:23,PAYMENT,0,270.00,0.00,EUR,,
,Order_00000200003-A,4001,b8d77b0c-3ff2-4e78-8886-532d8c68698b,2021-01-21 15:12:06,COMMISSION_VAT,0,0.00,0.00,EUR,,
,Order_00000200003-A,4001,6cae1367-35bd-43ec-8193-3eb6563594a3,2021-01-21 15:12:06,COMMISSION_FEE,0,15.00,0.00,EUR,,
,Order_00000200003-A,4001,b050f590-ea3c-4936-9fcb-1ca87f4cfab7,2021-01-21 15:12:06,ORDER_SHIPPING_AMOUNT,0,0.00,0.00,EUR,,
,Order_00000200003-A,4001,d4bfb526-58fd-4aa1-8530-46e7a4c7819f,2021-01-21 15:12:06,ORDER_AMOUNT,0,0.00,150.00,EUR,,
,Order_00000200002-A,4001,e20d91e8-529d-4ce0-af89-b53f8c929537,2021-01-21 15:12:06,COMMISSION_VAT,0,0.00,0.00,EUR,,
,Order_00000200002-A,4001,170f74ce-ba2f-4e15-953c-8be47fe296c7,2021-01-21 15:12:06,COMMISSION_FEE,0,10.00,0.00,EUR,,
,Order_00000200002-A,4001,68dd65db-de5e-4024-ad01-859239c62e59,2021-01-21 15:12:06,ORDER_SHIPPING_AMOUNT,0,0.00,0.00,EUR,,
,Order_00000200002-A,4001,9e23fadb-6db8-4fa9-93a2-ce05843e240a,2021-01-21 15:12:06,ORDER_AMOUNT,0,0.00,100.00,EUR,,
,Order_00000200001-A,4001,db903256-e11a-49b4-8105-bd8edc4b065b,2021-01-21 15:12:06,COMMISSION_VAT,0,0.00,0.00,EUR,,
,Order_00000200001-A,4001,89e4dd2c-a7c0-4ba3-9b3c-6d206fb97ff9,2021-01-21 15:12:06,COMMISSION_FEE,0,5.00,0.00,EUR,,
,Order_00000200001-A,4001,e0ef4fd0-397c-4f7b-b587-81fd9f48e0ad,2021-01-21 15:12:06,ORDER_SHIPPING_AMOUNT,0,0.00,0.00,EUR,,
,Order_00000200001-A,4001,fea7bcd9-3592-4187-adbc-446aa92a5b01,2021-01-21 15:12:06,ORDER_AMOUNT,0,0.00,50.00,EUR,,
,,2000,237d3d32-fca4-49e5-a5fc-cb90feb74a0c,2021-01-04 23:00:19,PAYMENT,0,297.00,0.00,EUR,,
,,2000,c7b1d667-c886-4d60-aefa-11358db0f49d,2020-12-21 23:00:13,PAYMENT,0,99.00,0.00,EUR,,
,,2000,914c9441-c28d-443b-b0db-ca4a2ffcbcfa,2020-12-17 23:00:19,PAYMENT,0,148.50,0.00,EUR,,
,,2000,944e866f-7cf1-44ab-a572-c8baff0e5870,2020-12-06 23:00:17,PAYMENT,0,387.90,0.00,EUR,,
,,2000,25f502b0-2462-490a-876a-d577f628490c,2020-12-05 23:00:18,PAYMENT,0,396.00,0.00,EUR,,
,,4001,645cdce9-db4b-4cdc-bba9-588c44531007,2020-11-25 23:00:14,PAYMENT,0,522.00,0.00,EUR,,
,,4000,69ef26a7-b341-44e6-b4e3-be2ea2702cac,2020-11-25 23:00:14,PAYMENT,0,378.00,0.00,EUR,,
,Order_00000310015-A,4000,286dc030-91ae-4a19-9c25-69ddb215aa9a,2020-11-25 08:49:52,COMMISSION_VAT,0,0.00,0.00,EUR,,
,Order_00000310015-A,4000,71cf1b88-036a-497e-a3bd-d33c19892c51,2020-11-25 08:49:52,COMMISSION_FEE,0,21.00,0.00,EUR,,
,Order_00000310015-A,4000,12047f4e-4392-4b09-af19-f0a6e9fb316a,2020-11-25 08:49:52,ORDER_SHIPPING_AMOUNT,0,0.00,10.00,EUR,,
,Order_00000310015-A,4000,12701b5e-2d03-4c91-b46f-54798f5ce87a,2020-11-25 08:49:52,ORDER_AMOUNT,0,0.00,200.00,EUR,,
,Order_00000300015-A,4000,cd37ce44-41b1-4435-8972-a86701a16403,2020-11-25 08:49:42,COMMISSION_VAT,0,0.00,0.00,EUR,,
,Order_00000300015-A,4000,c691b6cb-726d-4ee3-9576-e2048120e835,2020-11-25 08:49:42,COMMISSION_FEE,0,21.00,0.00,EUR,,
,Order_00000300015-A,4000,b8d28c73-fc45-4877-ad06-1fa6c7079fce,2020-11-25 08:49:42,ORDER_SHIPPING_AMOUNT,0,0.00,10.00,EUR,,
,Order_00000300015-A,4000,b061a86f-eb91-46f4-8dc6-eb8c8d2b198e,2020-11-25 08:49:42,ORDER_AMOUNT,0,0.00,200.00,EUR,,
,Order_00000320016-A,4001,ffbbcfdd-0296-4314-9494-994c8851fb39,2020-11-25 08:49:29,COMMISSION_VAT,0,0.00,0.00,EUR,,
,Order_00000320016-A,4001,006425ea-61c5-4439-b71d-a4bc2a171def,2020-11-25 08:49:29,COMMISSION_FEE,0,21.00,0.00,EUR,,
,Order_00000320016-A,4001,63216558-f519-4768-bd47-9a0a93e2e02b,2020-11-25 08:49:29,ORDER_SHIPPING_AMOUNT,0,0.00,10.00,EUR,,
,Order_00000320016-A,4001,66b512b8-f120-4ddf-b1fb-fc6c0f7d6d92,2020-11-25 08:49:29,ORDER_AMOUNT,0,0.00,200.00,EUR,,
,Order_00000310016-A,4001,a17acf44-0a47-4619-b983-db459df4b465,2020-11-25 08:49:15,COMMISSION_VAT,0,0.00,0.00,EUR,,
,Order_00000310016-A,4001,2cc5906a-73cf-40f7-9f93-9b4410661444,2020-11-25 08:49:15,COMMISSION_FEE,0,15.50,0.00,EUR,,
,Order_00000310016-A,4001,70b7d238-8fda-483f-ad33-d62d930079bd,2020-11-25 08:49:15,ORDER_SHIPPING_AMOUNT,0,0.00,5.00,EUR,,
,Order_00000310016-A,4001,9322eda5-9e2d-4a1a-be2f-456f1673b2c8,2020-11-25 08:49:15,ORDER_AMOUNT,0,0.00,150.00,EUR,,
,Order_00000300016-A,4001,2905cad9-11e8-4a77-9b2d-064029262b2e,2020-11-25 08:49:05,COMMISSION_VAT,0,0.00,0.00,EUR,,
,Order_00000300016-A,4001,6984e187-23be-487f-89c0-f7e5e5dfb807,2020-11-25 08:49:05,COMMISSION_FEE,0,21.50,0.00,EUR,,
,Order_00000300016-A,4001,9f8a8f73-dfd8-4804-b9b1-b2a519c3bf36,2020-11-25 08:49:05,ORDER_SHIPPING_AMOUNT,0,0.00,5.00,EUR,,
,Order_00000300016-A,4001,211bd000-5137-459c-8471-476bf05b0497,2020-11-25 08:49:05,ORDER_AMOUNT,0,0.00,210.00,EUR,,
,,4001,4c0f40d1-abd5-47ce-81b2-91b1ca6aa650,2020-11-23 23:00:18,PAYMENT,0,45.00,0.00,EUR,,
,,4000,62edbfe3-ab28-4b73-80e9-3a6b2d6c41f6,2020-11-23 23:00:17,PAYMENT,0,45.00,0.00,EUR,,
,,3999,a7a56bf8-cf42-4179-a37c-ad3092d3ffd3,2020-11-23 23:00:17,PAYMENT,0,45.00,0.00,EUR,,
,,3998,d26f8924-678c-4d09-8b24-c76eaa27709a,2020-11-23 23:00:17,PAYMENT,0,45.00,0.00,EUR,,
,,3997,e91091a2-df82-4609-a32b-785960b3f641,2020-11-23 23:00:16,PAYMENT,0,45.00,0.00,EUR,,
,Order_00000200016-A,4001,180882b4-b196-493e-8f27-1c4cfbd19079,2020-11-23 17:28:15,COMMISSION_VAT,0,0.00,0.00,EUR,,
,Order_00000200016-A,4001,59596f8a-58e5-4d21-bf0d-1d542e48bf05,2020-11-23 17:28:15,COMMISSION_FEE,0,5.00,0.00,EUR,,
,Order_00000200016-A,4001,25905f69-448f-4bf3-a61f-2609022eef16,2020-11-23 17:28:15,ORDER_SHIPPING_AMOUNT,0,0.00,0.00,EUR,,
,Order_00000200016-A,4001,b14aa3e3-06bd-4d8e-928a-ee80b553fb90,2020-11-23 17:28:15,ORDER_AMOUNT,0,0.00,50.00,EUR,,
,Order_00000200015-A,4000,ba241a49-e38f-4408-b9ac-91eaeea69dc2,2020-11-23 17:28:11,COMMISSION_VAT,0,0.00,0.00,EUR,,
,Order_00000200015-A,4000,4eb7bae6-b944-43e2-ad2c-d5414800e424,2020-11-23 17:28:11,COMMISSION_FEE,0,5.00,0.00,EUR,,
,Order_00000200015-A,4000,352d54d3-d2bd-47f8-83e5-e0eaa70047fa,2020-11-23 17:28:11,ORDER_SHIPPING_AMOUNT,0,0.00,0.00,EUR,,
,Order_00000200015-A,4000,1347e8e3-1ff4-414c-ad13-3999e347a291,2020-11-23 17:28:11,ORDER_AMOUNT,0,0.00,50.00,EUR,,
,Order_00000200014-A,3999,bf1296f9-96b5-4587-90b4-af62bb3650ce,2020-11-23 17:28:09,COMMISSION_VAT,0,0.00,0.00,EUR,,
,Order_00000200014-A,3999,3c55d141-5b04-4939-a8cc-4fff260d6e51,2020-11-23 17:28:09,COMMISSION_FEE,0,5.00,0.00,EUR,,
,Order_00000200014-A,3999,60214d5b-ea94-436a-b9e9-48a05e8813b8,2020-11-23 17:28:09,ORDER_SHIPPING_AMOUNT,0,0.00,0.00,EUR,,
,Order_00000200014-A,3999,c5a614d4-3d4a-4df3-821d-db9f9def4f18,2020-11-23 17:28:09,ORDER_AMOUNT,0,0.00,50.00,EUR,,
,Order_00000200013-A,3998,b503b282-25b2-4383-b7e9-dfbcea42cda2,2020-11-23 17:28:05,COMMISSION_VAT,0,0.00,0.00,EUR,,
,Order_00000200013-A,3998,401c0789-9393-446f-aaff-2b89e2dcf416,2020-11-23 17:28:05,COMMISSION_FEE,0,5.00,0.00,EUR,,
,Order_00000200013-A,3998,39fd56b2-c012-434f-a82c-67949782a9b4,2020-11-23 17:28:05,ORDER_SHIPPING_AMOUNT,0,0.00,0.00,EUR,,
,Order_00000200013-A,3998,10e4f1ab-a83b-4fc9-8057-06f502fa44b1,2020-11-23 17:28:05,ORDER_AMOUNT,0,0.00,50.00,EUR,,
,Order_00000200012-A,3997,0bb1151e-83f4-40b3-9f25-3bc4b6605db9,2020-11-23 17:27:47,COMMISSION_VAT,0,0.00,0.00,EUR,,
,Order_00000200012-A,3997,f9aabe8c-3c14-4d07-94da-7422a4a6c504,2020-11-23 17:27:47,COMMISSION_FEE,0,5.00,0.00,EUR,,
,Order_00000200012-A,3997,4e0e762f-8dd4-46fc-8951-ee788600a7fd,2020-11-23 17:27:47,ORDER_SHIPPING_AMOUNT,0,0.00,0.00,EUR,,
,Order_00000200012-A,3997,28f9c492-5437-4a60-bc51-b1cfbf95bd44,2020-11-23 17:27:47,ORDER_AMOUNT,0,0.00,50.00,EUR,,
,,3030,ce39d248-c007-432a-b8bd-7af7ceb449ff,2020-11-20 23:01:06,PAYMENT,0,4995.00,0.00,EUR,,
,,2000,f1264cc5-c8d7-42aa-a95f-78d77d967e69,2020-11-20 23:01:06,PAYMENT,0,4449.50,0.00,EUR,,
,Order_00000100000-A,2000,85e95305-7856-4e47-ad5a-9682492cc437,2020-11-20 14:56:13,COMMISSION_VAT,0,0.00,0.00,EUR,,
,Order_00000100000-A,2000,eb36f273-56b2-4d60-bc79-0387dff3fbb5,2020-11-20 14:56:13,COMMISSION_FEE,0,5.50,0.00,EUR,,
,Order_00000100000-A,2000,f29ec266-2263-497a-ada2-1f6550841b29,2020-11-20 14:56:13,ORDER_SHIPPING_AMOUNT,0,0.00,0.00,EUR,,
,Order_00000100000-A,2000,c5710894-032c-4b0d-93b9-a15234bd3d6f,2020-11-20 14:56:13,ORDER_AMOUNT,0,0.00,55.00,EUR,,
,Order_00000100001-A,2000,3ad4393a-47ae-44e3-a9d6-d6b97e101f1f,2020-11-20 14:55:57,COMMISSION_VAT,0,0.00,0.00,EUR,,
,Order_00000100001-A,2000,978c0579-1096-467c-b706-a25f555b8b2c,2020-11-20 14:55:57,COMMISSION_FEE,0,5.50,0.00,EUR,,
,Order_00000100001-A,2000,fa54e4a0-493a-47c1-be1f-4d94693ea02c,2020-11-20 14:55:57,ORDER_SHIPPING_AMOUNT,0,0.00,0.00,EUR,,
,Order_00000100001-A,2000,e7aa3990-1010-4699-86dc-da08662b6a49,2020-11-20 14:55:57,ORDER_AMOUNT,0,0.00,55.00,EUR,,
,Order_00000100002-A,2000,d9380742-0180-459a-955c-00bc45d0c470,2020-11-20 14:55:40,COMMISSION_VAT,0,0.00,0.00,EUR,,
,Order_00000100002-A,2000,afd2018b-61cb-4c73-97f1-e386b257378d,2020-11-20 14:55:40,COMMISSION_FEE,0,5.50,0.00,EUR,,
,Order_00000100002-A,2000,094fa9a9-58ba-41cf-8354-c8396bfcc2ac,2020-11-20 14:55:40,ORDER_SHIPPING_AMOUNT,0,0.00,0.00,EUR,,
,Order_00000100002-A,2000,b16d6b1c-1b97-4cce-a22b-7de3b11e6bd4,2020-11-20 14:55:40,ORDER_AMOUNT,0,0.00,55.00,EUR,,
,Order_00000100003-A,2000,253dfcf2-dd9a-4b30-944a-87c4c2d565b3,2020-11-20 14:54:40,COMMISSION_VAT,0,0.00,0.00,EUR,,
,Order_00000100003-A,2000,df34932e-0dd3-42cd-89a1-219ead769edb,2020-11-20 14:54:40,COMMISSION_FEE,0,5.50,0.00,EUR,,
,Order_00000100003-A,2000,9068cba2-7826-4dd7-985c-e6c60463f11b,2020-11-20 14:54:40,ORDER_SHIPPING_AMOUNT,0,0.00,0.00,EUR,,
,Order_00000100003-A,2000,f772dabd-3990-4b7d-a52d-3fc37afa4377,2020-11-20 14:54:40,ORDER_AMOUNT,0,0.00,55.00,EUR,,
,Order_000001000047-A,3030,ad21d8f3-ae5d-4f9b-8419-5268096ea29a,2020-11-20 10:34:39,COMMISSION_VAT,0,0.00,0.00,EUR,,
,Order_000001000047-A,3030,a5e7d3db-6a34-4631-bf07-a86176ef6ff3,2020-11-20 10:34:39,COMMISSION_FEE,0,50.00,0.00,EUR,,
,Order_000001000047-A,3030,07db1cce-3bec-4701-9d43-918b226a79d5,2020-11-20 10:34:39,ORDER_SHIPPING_AMOUNT,0,0.00,0.00,EUR,,
,Order_000001000047-A,3030,aad3f78d-7578-423b-bb9b-52519eacc001,2020-11-20 10:34:39,ORDER_AMOUNT,0,0.00,500.00,EUR,,
,Order_000001000046-A,3030,d7f0daee-a6bd-4f01-9b6f-02f22f775447,2020-11-20 10:34:33,COMMISSION_VAT,0,0.00,0.00,EUR,,
,Order_000001000046-A,3030,a221f584-f8ba-4aaf-ace0-db5900692a58,2020-11-20 10:34:33,COMMISSION_FEE,0,500.00,0.00,EUR,,
,Order_000001000046-A,3030,11eb1d19-2ba4-48fc-af43-edd6872f6884,2020-11-20 10:34:33,ORDER_SHIPPING_AMOUNT,0,0.00,0.00,EUR,,
,Order_000001000046-A,3030,925da696-0c49-48d0-8b02-7f45f122a062,2020-11-20 10:34:33,ORDER_AMOUNT,0,0.00,5000.00,EUR,,
,Order_000001000045-A,3030,112f9ef2-05ca-4be2-ba49-5cd38eb7b0b9,2020-11-20 10:34:15,COMMISSION_VAT,0,0.00,0.00,EUR,,
,Order_000001000045-A,3030,2a99af2c-fd46-4ad8-abee-c763e933f63c,2020-11-20 10:34:15,COMMISSION_FEE,0,5.00,0.00,EUR,,
,Order_000001000045-A,3030,00c33a1a-0db8-4b64-946d-6a17bdabfe4c,2020-11-20 10:34:15,ORDER_SHIPPING_AMOUNT,0,0.00,0.00,EUR,,
,Order_000001000045-A,3030,0ee386b1-fac4-4d2f-9e0b-141c60f12f79,2020-11-20 10:34:15,ORDER_AMOUNT,0,0.00,50.00,EUR,,
,Order_00000100004-A,2000,07ffb3bf-f47a-4dd1-883c-46597491eff9,2020-11-20 09:43:42,COMMISSION_VAT,0,0.00,0.00,EUR,,
,Order_00000100004-A,2000,36bfb94d-7b54-470e-bdf6-3ade17e6c43b,2020-11-20 09:43:42,COMMISSION_FEE,0,600.00,0.00,EUR,,
,Order_00000100004-A,2000,2681addc-032e-4e08-a3b1-9d602c1a86f3,2020-11-20 09:43:42,ORDER_SHIPPING_AMOUNT,0,0.00,0.00,EUR,,
,Order_00000100004-A,2000,b58a98d7-12e7-4c90-a882-a724dd104336,2020-11-20 09:43:42,ORDER_AMOUNT,0,0.00,6000.00,EUR,,
,,2002,1365a0ec-3af8-4a6a-9852-42b59c9b322d,2020-11-20 00:00:25,SUBSCRIPTION_VAT,0,0.00,0.00,EUR,,
,,2002,c2fad180-4b8e-404f-ba50-0ebcf5597b50,2020-11-20 00:00:25,SUBSCRIPTION_FEE,0,1000.00,0.00,EUR,,
,,2001,066b4d0d-a0ec-4c0a-947e-523f41163a42,2020-11-20 00:00:25,SUBSCRIPTION_VAT,0,0.00,0.00,EUR,,
,,2001,817478e1-279c-4960-9d54-000b93d1bf91,2020-11-20 00:00:25,SUBSCRIPTION_FEE,0,1000.00,0.00,EUR,,
,,2027,81952189-7a68-4ed6-a3ad-b2065f020d7f,2020-11-17 09:34:22,MANUAL_INVOICE_VAT,0,0.00,0.00,EUR,,
,,2027,7c080f8d-dd52-436a-9630-299731e08cf0,2020-11-17 09:34:22,MANUAL_INVOICE,0,2000.00,0.00,EUR,,
,,2000,7f96d81e-9752-4e26-bf18-347dabe491fc,2020-11-16 00:00:19,SUBSCRIPTION_VAT,0,0.00,0.00,EUR,,
,,2000,7ea561f1-dede-40fe-b24c-e47f5553d6ee,2020-11-16 00:00:19,SUBSCRIPTION_FEE,0,1000.00,0.00,EUR,,
,,2000,8b9640a0-bd32-4017-84b3-e681865efa00,2020-11-10 23:01:27,PAYMENT,0,99.00,0.00,EUR,,
,000000018-A,2000,43e8323f-e09f-454b-912c-c9365d2eff5a,2020-11-09 12:20:11,COMMISSION_VAT,0,0.00,0.00,EUR,,
,000000018-A,2000,2f977992-32af-43ae-a069-da8bed91a539,2020-11-09 12:20:11,COMMISSION_FEE,0,11.00,0.00,EUR,,
,000000018-A,2000,7639929b-3809-43fd-9bb0-a608d9b47abf,2020-11-09 12:20:11,ORDER_SHIPPING_AMOUNT,0,0.00,10.00,EUR,,
,000000018-A,2000,402790be-a9fe-459e-bb6c-450c2b994d82,2020-11-09 12:20:11,ORDER_AMOUNT,0,0.00,100.00,EUR,,
,000000016-A,2000,143e2e4c-292e-4bd5-94d9-df128c30873a,2020-10-26 22:25:25,COMMISSION_VAT,0,0.00,0.00,EUR,,
,000000016-A,2000,a1ac212c-73b0-4428-b7f0-5b111fc8e164,2020-10-26 22:25:25,COMMISSION_FEE,0,11.00,0.00,EUR,,
,000000016-A,2000,bf87042c-7620-44d2-9529-e68e58dbff8a,2020-10-26 22:25:25,ORDER_SHIPPING_AMOUNT,0,0.00,10.00,EUR,,
,000000016-A,2000,67e39953-6cd5-4b34-912a-57e791a8de9e,2020-10-26 22:25:25,ORDER_AMOUNT,0,0.00,100.00,EUR,,
780980000,780980000-A,53681,bfe874ad-b37b-4eb0-9528-0cdb6a5e073a,2021-06-03 16:00:31,COMMISSION_VAT,31.95,0.00,0.00,USD,jtgcpx2h,2021-06-03 16:00:30
780980000,780980000-A,53681,35b2a0c5-c0e6-4a81-a03e-f167f99472b1,2021-06-03 16:00:31,COMMISSION_FEE,31.95,0.00,0.00,USD,jtgcpx2h,2021-06-03 16:00:30
780980000,780980000-A,53681,3354b892-043b-4f93-a398-a98e8b6a57e3,2021-06-03 16:00:31,ORDER_SHIPPING_AMOUNT,31.95,0.00,2.00,USD,jtgcpx2h,2021-06-03 16:00:30
780980000,780980000-A,53681,19a83269-bf8e-4d78-ba0d-a0ff925ea32e,2021-06-03 16:00:31,ORDER_AMOUNT,31.95,0.00,20.00,USD,jtgcpx2h,2021-06-03 16:00:30
780980000,780980000-A,53681,31223426-c2cf-4951-8dc0-bac9c3226cab,2021-06-03 16:00:31,COMMISSION_VAT,31.95,0.00,0.00,USD,jtgcpx2h,2021-06-03 16:00:30
780980000,780980000-A,53681,753b3a77-4ca5-445b-b9fc-49e8310d5785,2021-06-03 16:00:31,COMMISSION_FEE,31.95,0.00,0.00,USD,jtgcpx2h,2021-06-03 16:00:30
780980000,780980000-A,53681,dee5609b-bfa6-46fe-a377-ee32d35903b0,2021-06-03 16:00:31,ORDER_SHIPPING_AMOUNT,31.95,0.00,5.00,USD,jtgcpx2h,2021-06-03 16:00:30
780980000,780980000-A,53681,62a5f2a8-3639-4342-8e04-d62337a46505,2021-06-03 16:00:31,ORDER_AMOUNT,31.95,0.00,4.95,USD,jtgcpx2h,2021-06-03 16:00:30
486737000,486737000-A,53681,4c345f34-534d-4424-9f42-c1289046d50a,2021-06-01 11:25:04,COMMISSION_VAT,43.00,0.00,0.00,USD,n9s55kq4,2021-06-01 11:08:48
486737000,486737000-A,53681,0f82148d-53c9-40dd-9d7d-7ba06d9abd7a,2021-06-01 11:25:04,COMMISSION_FEE,43.00,0.00,0.00,USD,n9s55kq4,2021-06-01 11:08:48
486737000,486737000-A,53681,f78db7c7-2af4-4bc2-8a86-907c95a76e5d,2021-06-01 11:25:04,ORDER_SHIPPING_AMOUNT,43.00,0.00,3.00,USD,n9s55kq4,2021-06-01 11:08:48
486737000,486737000-A,53681,01978af4-44ab-4579-bc31-251e1a529781,2021-06-01 11:25:04,ORDER_AMOUNT,43.00,0.00,40.00,USD,n9s55kq4,2021-06-01 11:08:48
115017000,115017000-B,21453,c38a9a4c-29f4-4ee2-aa7d-664c87d95ca5,2021-05-20 15:38:53,COMMISSION_VAT,102.00,0.00,0.00,USD,g3hc8mrb,2021-05-20 15:38:51
115017000,115017000-B,21453,e6556a48-6fd8-4225-aa9b-59bfff97ca59,2021-05-20 15:38:53,COMMISSION_FEE,102.00,0.00,0.00,USD,g3hc8mrb,2021-05-20 15:38:51
115017000,115017000-B,21453,38fccff2-594d-4477-9d0b-cb5074f549cf,2021-05-20 15:38:53,ORDER_SHIPPING_AMOUNT,102.00,0.00,2.00,USD,g3hc8mrb,2021-05-20 15:38:51
115017000,115017000-B,21453,95b818f0-ab8f-41f6-aba9-9a97583b757f,2021-05-20 15:38:53,ORDER_AMOUNT,102.00,0.00,100.00,USD,g3hc8mrb,2021-05-20 15:38:51
780980000,780980000-A,53681,27eff1f0-4a9d-4c57-a8d7-069b91b9d4c8,2021-06-03 21:55:32,REFUND_COMMISSION_VAT,-22.00,0.00,0.00,USD,bdszs4jf,2021-06-03 21:56:02
780980000,780980000-A,53681,41053900-b682-468e-b5b6-853f09a8f51b,2021-06-03 21:55:32,REFUND_COMMISSION_FEE,-22.00,0.00,0.00,USD,bdszs4jf,2021-06-03 21:56:02
780980000,780980000-A,53681,fad37c6d-1644-4ac5-8e8d-8c55495ef55a,2021-06-03 21:55:32,REFUND_ORDER_SHIPPING_AMOUNT,-22.00,2.00,0.00,USD,bdszs4jf,2021-06-03 21:56:02
780980000,780980000-A,53681,69f31edc-f235-4092-8050-379efbe77b71,2021-06-03 21:55:32,REFUND_ORDER_AMOUNT,-22.00,20.00,0.00,USD,bdszs4jf,2021-06-03 21:56:02
871633000,871633000-A,53681,bf18f9b3-647d-439f-a7fc-de6d7a9e8a6f,2021-05-20 15:13:20,COMMISSION_VAT,31.95,0.00,0.00,USD,p6mbfjwp,2021-05-20 15:13:18
871633000,871633000-A,53681,fadb72e3-350b-4669-a0cc-133e56466cb5,2021-05-20 15:13:20,COMMISSION_FEE,31.95,0.00,0.00,USD,p6mbfjwp,2021-05-20 15:13:18
871633000,871633000-A,53681,5d94d549-e830-4233-9c51-87f449fdfc4c,2021-05-20 15:13:20,ORDER_SHIPPING_AMOUNT,31.95,0.00,5.00,USD,p6mbfjwp,2021-05-20 15:13:18
871633000,871633000-A,53681,cc424d64-ef11-484b-9fd7-1fdc0bf65bd2,2021-05-20 15:13:20,ORDER_AMOUNT,31.95,0.00,4.95,USD,p6mbfjwp,2021-05-20 15:13:18
871633000,871633000-A,53681,9b8ff98a-79ef-41ab-bf42-49804151c6d6,2021-05-20 15:13:20,COMMISSION_VAT,31.95,0.00,0.00,USD,p6mbfjwp,2021-05-20 15:13:18
871633000,871633000-A,53681,946e1202-4c2e-45d2-b100-c4cfe4dace71,2021-05-20 15:13:20,COMMISSION_FEE,31.95,0.00,0.00,USD,p6mbfjwp,2021-05-20 15:13:18
871633000,871633000-A,53681,6fc7acb1-997d-4f80-bf96-8e957c4e3341,2021-05-20 15:13:20,ORDER_SHIPPING_AMOUNT,31.95,0.00,2.00,USD,p6mbfjwp,2021-05-20 15:13:18
871633000,871633000-A,53681,150b5b39-f88d-459a-a3e1-968f2cedaf3e,2021-05-20 15:13:20,ORDER_AMOUNT,31.95,0.00,20.00,USD,p6mbfjwp,2021-05-20 15:13:18
952136000,952136000-A,53681,34cfa45a-193c-40de-8556-155cb0153f65,2021-05-18 08:22:40,COMMISSION_VAT,152.00,0.00,0.00,EUR,fzv65yyc,2021-05-18 08:00:41
952136000,952136000-A,53681,1feb2b6f-66bb-489e-bd86-0edcf871f31b,2021-05-18 08:22:40,COMMISSION_FEE,152.00,0.00,0.00,EUR,fzv65yyc,2021-05-18 08:00:41
952136000,952136000-A,53681,14465981-ed4d-494f-8b14-f438675405f3,2021-05-18 08:22:40,ORDER_SHIPPING_AMOUNT,152.00,0.00,2.00,EUR,fzv65yyc,2021-05-18 08:00:41
952136000,952136000-A,53681,0475dc0a-0531-4f06-a00f-3476364de3b4,2021-05-18 08:22:40,ORDER_AMOUNT,152.00,0.00,150.00,EUR,fzv65yyc,2021-05-18 08:00:41
97137000,97137000-A,53681,0ca3530d-5e4e-42bc-9787-46e80c66f0a0,2021-06-03 21:44:59,REFUND_COMMISSION_VAT,-43.00,0.00,0.00,USD,pscdy1wb,2021-06-03 21:46:26
97137000,97137000-A,53681,a18cc39a-b929-4b4c-bca3-4691303d090e,2021-06-03 21:44:59,REFUND_COMMISSION_FEE,-43.00,0.00,0.00,USD,pscdy1wb,2021-06-03 21:46:26
97137000,97137000-A,53681,f1a26abf-1418-4f41-acda-1828c83aef80,2021-06-03 21:44:59,REFUND_ORDER_SHIPPING_AMOUNT,-43.00,3.00,0.00,USD,pscdy1wb,2021-06-03 21:46:26
97137000,97137000-A,53681,0a66af04-bfaf-4b6f-b551-9a24f63d6d2f,2021-06-03 21:44:59,REFUND_ORDER_AMOUNT,-43.00,40.00,0.00,USD,pscdy1wb,2021-06-03 21:46:26
97137000,97137000-A,53681,56f447ec-90dc-4fcc-9842-e5208d18ecfd,2021-06-03 21:44:59,REFUND_COMMISSION_VAT,-7.96,0.00,0.00,USD,6rxmf1gz,2021-06-03 21:46:25
97137000,97137000-A,53681,b624eb1f-4616-4e85-8737-3e3da1ddfb9e,2021-06-03 21:44:59,REFUND_COMMISSION_FEE,-7.96,0.00,0.00,USD,6rxmf1gz,2021-06-03 21:46:25
97137000,97137000-A,53681,b2d32508-f810-4a92-b030-6fe6501a340a,2021-06-03 21:44:59,REFUND_ORDER_SHIPPING_AMOUNT,-7.96,4.00,0.00,USD,6rxmf1gz,2021-06-03 21:46:25
97137000,97137000-A,53681,cb275535-67e9-4354-970c-3bda4da173c5,2021-06-03 21:44:59,REFUND_ORDER_AMOUNT,-7.96,3.96,0.00,USD,6rxmf1gz,2021-06-03 21:46:25
806369000,806369000-B,21453,c38d8338-c3fd-47cd-95de-064da4672c8e,2021-06-01 10:18:19,COMMISSION_VAT,157.00,0.00,0.00,USD,qa8fda2y,2021-06-01 10:12:48
806369000,806369000-B,21453,eb3729ab-1475-4d5e-b816-aeedc488a41b,2021-06-01 10:18:19,COMMISSION_FEE,157.00,0.00,0.00,USD,qa8fda2y,2021-06-01 10:12:48
806369000,806369000-B,21453,5f84aa12-982b-4513-9aef-449ed766790e,2021-06-01 10:18:19,ORDER_SHIPPING_AMOUNT,157.00,0.00,5.00,USD,qa8fda2y,2021-06-01 10:12:48
806369000,806369000-B,21453,3249442d-f435-4bb6-973b-aad2867155c6,2021-06-01 10:18:19,ORDER_AMOUNT,157.00,0.00,50.00,USD,qa8fda2y,2021-06-01 10:12:48
806369000,806369000-B,21453,394f01d6-c3b1-4fc6-8a85-6fda25c774fc,2021-06-01 10:18:19,COMMISSION_VAT,157.00,0.00,0.00,USD,qa8fda2y,2021-06-01 10:12:48
806369000,806369000-B,21453,dacbf471-0227-4cf7-839a-2e654c97f0f5,2021-06-01 10:18:19,COMMISSION_FEE,157.00,0.00,0.00,USD,qa8fda2y,2021-06-01 10:12:48
806369000,806369000-B,21453,cd7cb1ec-4263-47ca-b222-dfa7e30ab917,2021-06-01 10:18:19,ORDER_SHIPPING_AMOUNT,157.00,0.00,2.00,USD,qa8fda2y,2021-06-01 10:12:48
806369000,806369000-B,21453,80a61e83-5828-4ad9-a1d3-9dee3126a163,2021-06-01 10:18:19,ORDER_AMOUNT,157.00,0.00,100.00,USD,qa8fda2y,2021-06-01 10:12:48
907308000,907308000-A,53681,a014ce87-d13a-4e78-9f82-80e970f2e502,2021-06-02 11:06:04,COMMISSION_VAT,152.00,0.00,0.00,USD,r07mdt8d,2021-06-02 11:05:22
907308000,907308000-A,53681,984d72b2-5325-4001-97af-8604b2da2bb4,2021-06-02 11:06:04,COMMISSION_FEE,152.00,0.00,0.00,USD,r07mdt8d,2021-06-02 11:05:22
907308000,907308000-A,53681,3a3fe46f-b9ad-4f28-8d86-313615138ca9,2021-06-02 11:06:04,ORDER_SHIPPING_AMOUNT,152.00,0.00,2.00,USD,r07mdt8d,2021-06-02 11:05:22
907308000,907308000-A,53681,6f7d4281-7ad6-46d1-bb69-8e3db442fcb5,2021-06-02 11:06:04,ORDER_AMOUNT,152.00,0.00,150.00,USD,r07mdt8d,2021-06-02 11:05:22
97137000,97137000-A,53681,430afc29-fced-4395-ad54-9a92ecb7d797,2021-06-03 15:53:44,COMMISSION_VAT,50.96,0.00,0.00,USD,rne97zpe,2021-06-03 15:53:42
97137000,97137000-A,53681,1d9ac610-7f37-43d1-bb08-8ac491cf45ea,2021-06-03 15:53:44,COMMISSION_FEE,50.96,0.00,0.00,USD,rne97zpe,2021-06-03 15:53:42
97137000,97137000-A,53681,8cd209a0-f703-4c4d-b6ba-fce83981e475,2021-06-03 15:53:44,ORDER_SHIPPING_AMOUNT,50.96,0.00,3.00,USD,rne97zpe,2021-06-03 15:53:42
97137000,97137000-A,53681,f0e5985c-65e6-4065-b5db-1de74801a198,2021-06-03 15:53:44,ORDER_AMOUNT,50.96,0.00,40.00,USD,rne97zpe,2021-06-03 15:53:42
97137000,97137000-A,53681,728c30b5-0a87-4780-9007-8468c530795d,2021-06-03 15:53:44,COMMISSION_VAT,50.96,0.00,0.00,USD,rne97zpe,2021-06-03 15:53:42
97137000,97137000-A,53681,6be46bf6-04ed-4c3a-810d-8b4461184d3e,2021-06-03 15:53:44,COMMISSION_FEE,50.96,0.00,0.00,USD,rne97zpe,2021-06-03 15:53:42
97137000,97137000-A,53681,1ecdac79-3b76-468e-a01f-5fd536debc9d,2021-06-03 15:53:44,ORDER_SHIPPING_AMOUNT,50.96,0.00,4.00,USD,rne97zpe,2021-06-03 15:53:42
97137000,97137000-A,53681,32e171ab-28bc-423a-94dc-b4edb650f176,2021-06-03 15:53:44,ORDER_AMOUNT,50.96,0.00,3.96,USD,rne97zpe,2021-06-03 15:53:42
97137000,97137000-B,21453,d3e584a0-fc37-4977-876a-652d8f739d1c,2021-06-03 21:50:34,REFUND_COMMISSION_VAT,-102.00,0.00,0.00,USD,g6sa02d8,2021-06-03 21:50:50
97137000,97137000-B,21453,d957d8e3-6397-469b-b5b9-dd6aa7697fa3,2021-06-03 21:50:34,REFUND_COMMISSION_FEE,-102.00,0.00,0.00,USD,g6sa02d8,2021-06-03 21:50:50
97137000,97137000-B,21453,64f8f203-9557-4580-a37d-65e4ed209f2f,2021-06-03 21:50:34,REFUND_ORDER_SHIPPING_AMOUNT,-102.00,2.00,0.00,USD,g6sa02d8,2021-06-03 21:50:50
97137000,97137000-B,21453,e95c80b0-7515-42a6-968d-627667904d60,2021-06-03 21:50:34,REFUND_ORDER_AMOUNT,-102.00,100.00,0.00,USD,g6sa02d8,2021-06-03 21:50:50
780980000,780980000-A,53681,1a16d3b0-691c-4605-851e-5acbafbfaecd,2021-06-03 21:55:32,REFUND_COMMISSION_VAT,-9.95,0.00,0.00,USD,ke1cgmr5,2021-06-03 21:56:01
780980000,780980000-A,53681,8a8c8965-91f5-4c44-b029-c0470f9f487d,2021-06-03 21:55:32,REFUND_COMMISSION_FEE,-9.95,0.00,0.00,USD,ke1cgmr5,2021-06-03 21:56:01
780980000,780980000-A,53681,ff368ded-4ede-4c21-aadb-80b92c8174ea,2021-06-03 21:55:32,REFUND_ORDER_SHIPPING_AMOUNT,-9.95,5.00,0.00,USD,ke1cgmr5,2021-06-03 21:56:01
780980000,780980000-A,53681,659c2a05-7b5d-4ef0-a135-9c7a1dadc113,2021-06-03 21:55:32,REFUND_ORDER_AMOUNT,-9.95,4.95,0.00,USD,ke1cgmr5,2021-06-03 21:56:01
806369000,806369000-A,53681,0fc6e4fa-cea3-4cba-8198-e25d6e3c8162,2021-06-01 10:29:04,COMMISSION_VAT,43.00,0.00,0.00,USD,35fxj5qd,2021-06-01 10:29:02
806369000,806369000-A,53681,339af7aa-f997-43ea-b31f-3e59076063e8,2021-06-01 10:29:04,COMMISSION_FEE,43.00,0.00,0.00,USD,35fxj5qd,2021-06-01 10:29:02
806369000,806369000-A,53681,44f9681e-205e-454f-bbd2-f2277b7ab6cd,2021-06-01 10:29:04,ORDER_SHIPPING_AMOUNT,43.00,0.00,3.00,USD,35fxj5qd,2021-06-01 10:29:02
806369000,806369000-A,53681,7b2e73fb-ff8c-4d1e-8ed9-a12225629f18,2021-06-01 10:29:04,ORDER_AMOUNT,43.00,0.00,40.00,USD,35fxj5qd,2021-06-01 10:29:02
97137000,97137000-B,21453,274e2b24-840b-4c12-ba03-ff3a1bb7fdb6,2021-06-03 21:50:33,REFUND_COMMISSION_VAT,-11.00,0.00,0.00,USD,7cxz670k,2021-06-03 21:50:49
97137000,97137000-B,21453,83c4ef1e-5121-44f8-9a03-5378182730d0,2021-06-03 21:50:33,REFUND_COMMISSION_FEE,-11.00,0.00,0.00,USD,7cxz670k,2021-06-03 21:50:49
97137000,97137000-B,21453,5546c747-38df-4f43-bee0-8e9ace1c527a,2021-06-03 21:50:33,REFUND_ORDER_SHIPPING_AMOUNT,-11.00,1.00,0.00,USD,7cxz670k,2021-06-03 21:50:49
97137000,97137000-B,21453,6b3f9b76-c6c3-4464-9b3c-b6af8c79f2d9,2021-06-03 21:50:33,REFUND_ORDER_AMOUNT,-11.00,10.00,0.00,USD,7cxz670k,2021-06-03 21:50:49
871633000,871633000-B,21453,6c29636f-5dc4-47fc-ada4-784f67c3d745,2021-05-20 14:21:44,COMMISSION_VAT,124.00,0.00,0.00,USD,p2hdasjj,2021-05-20 14:05:05
871633000,871633000-B,21453,774a5e9f-b74a-4e04-95fe-8826460fe26d,2021-05-20 14:21:44,COMMISSION_FEE,124.00,0.00,0.00,USD,p2hdasjj,2021-05-20 14:05:05
871633000,871633000-B,21453,9a6dd9ec-f5e1-482c-94fc-17f92ad6ecfc,2021-05-20 14:21:44,ORDER_SHIPPING_AMOUNT,124.00,0.00,2.00,USD,p2hdasjj,2021-05-20 14:05:05
871633000,871633000-B,21453,a2997e59-03cd-47ee-912f-59daa6eef51d,2021-05-20 14:21:44,ORDER_AMOUNT,124.00,0.00,100.00,USD,p2hdasjj,2021-05-20 14:05:05
871633000,871633000-B,21453,c8e919d8-c3a8-4209-b4e0-746deb32ed9e,2021-05-20 14:21:44,COMMISSION_VAT,124.00,0.00,0.00,USD,p2hdasjj,2021-05-20 14:05:05
871633000,871633000-B,21453,35b322a2-f093-4422-a84e-4c70edc60832,2021-05-20 14:21:44,COMMISSION_FEE,124.00,0.00,0.00,USD,p2hdasjj,2021-05-20 14:05:05
871633000,871633000-B,21453,40e9b0d4-68b2-4593-a3ab-362d1b2c16f5,2021-05-20 14:21:44,ORDER_SHIPPING_AMOUNT,124.00,0.00,2.00,USD,p2hdasjj,2021-05-20 14:05:05
871633000,871633000-B,21453,99652378-9264-433f-85a2-ea35f003add3,2021-05-20 14:21:44,ORDER_AMOUNT,124.00,0.00,20.00,USD,p2hdasjj,2021-05-20 14:05:05
97137000,97137000-B,21453,2dbeccf6-bbb5-424f-ac74-0c253ed09ab3,2021-06-03 15:53:42,COMMISSION_VAT,113.00,0.00,0.00,USD,0vry4mx8,2021-06-03 15:51:04
97137000,97137000-B,21453,ed22bc10-776e-4fb6-997e-aa5c5fc554ff,2021-06-03 15:53:42,COMMISSION_FEE,113.00,0.00,0.00,USD,0vry4mx8,2021-06-03 15:51:04
97137000,97137000-B,21453,5b16e207-7f9a-4859-bd30-e5b63937e72e,2021-06-03 15:53:42,ORDER_SHIPPING_AMOUNT,113.00,0.00,1.00,USD,0vry4mx8,2021-06-03 15:51:04
97137000,97137000-B,21453,06085a31-d453-4427-9a45-69cafa2019fb,2021-06-03 15:53:42,ORDER_AMOUNT,113.00,0.00,10.00,USD,0vry4mx8,2021-06-03 15:51:04
97137000,97137000-B,21453,45334369-9640-4ac3-bd70-86da134c763d,2021-06-03 15:53:42,COMMISSION_VAT,113.00,0.00,0.00,USD,0vry4mx8,2021-06-03 15:51:04
97137000,97137000-B,21453,0d407e54-7702-495d-93dd-f50ad5bffaa2,2021-06-03 15:53:42,COMMISSION_FEE,113.00,0.00,0.00,USD,0vry4mx8,2021-06-03 15:51:04
97137000,97137000-B,21453,e5104f12-130f-406b-8197-ce6f12d16881,2021-06-03 15:53:42,ORDER_SHIPPING_AMOUNT,113.00,0.00,2.00,USD,0vry4mx8,2021-06-03 15:51:04
97137000,97137000-B,21453,243decde-f517-4123-8871-9a53bcf2e7b6,2021-06-03 15:53:42,ORDER_AMOUNT,113.00,0.00,100.00,USD,0vry4mx8,2021-06-03 15:51:04
115017000,115017000-A,53681,9a367455-dd4e-4cc8-8f44-726f7289c228,2021-05-20 15:38:51,COMMISSION_VAT,22.00,0.00,0.00,USD,dtqgdc5h,2021-05-20 15:38:49
115017000,115017000-A,53681,a5644df6-0ccb-4f70-a575-65f2468a8a14,2021-05-20 15:38:51,COMMISSION_FEE,22.00,0.00,0.00,USD,dtqgdc5h,2021-05-20 15:38:49
115017000,115017000-A,53681,584d646e-3822-4256-a6e4-81eb29d359bf,2021-05-20 15:38:51,ORDER_SHIPPING_AMOUNT,22.00,0.00,2.00,USD,dtqgdc5h,2021-05-20 15:38:49
115017000,115017000-A,53681,4185462f-68f8-4e0b-9304-3a2ef33e82dc,2021-05-20 15:38:51,ORDER_AMOUNT,22.00,0.00,20.00,USD,dtqgdc5h,2021-05-20 15:38:49
784708000,784708000-A,53681,ff01778b-29bc-40d3-9c4a-81b85f04daad,2021-06-04 07:52:47,COMMISSION_VAT,69.97,0.00,0.00,USD,daxbd873,2021-06-04 07:47:56
784708000,784708000-A,53681,da59bb91-bc12-4138-bd25-552515b2199a,2021-06-04 07:52:47,COMMISSION_FEE,69.97,0.00,0.00,USD,daxbd873,2021-06-04 07:47:56
784708000,784708000-A,53681,dacfed65-cf16-4b95-978c-5bc154b95084,2021-06-04 07:52:47,ORDER_SHIPPING_AMOUNT,69.97,0.00,3.00,USD,daxbd873,2021-06-04 07:47:56
784708000,784708000-A,53681,e7cf14b4-6e8e-4281-b764-5d984ec501c2,2021-06-04 07:52:47,ORDER_AMOUNT,69.97,0.00,2.97,USD,daxbd873,2021-06-04 07:47:56
784708000,784708000-A,53681,e4a79032-5988-45f1-8e7e-0e5df2bd5771,2021-06-04 07:52:47,COMMISSION_VAT,69.97,0.00,0.00,USD,daxbd873,2021-06-04 07:47:56
784708000,784708000-A,53681,244a6764-12d7-4de1-8488-da4eb133a02c,2021-06-04 07:52:47,COMMISSION_FEE,69.97,0.00,0.00,USD,daxbd873,2021-06-04 07:47:56
784708000,784708000-A,53681,645d4bd6-10da-47fb-abe8-57111f8a8050,2021-06-04 07:52:47,ORDER_SHIPPING_AMOUNT,69.97,0.00,4.00,USD,daxbd873,2021-06-04 07:47:56
784708000,784708000-A,53681,15e8c607-0b07-4e73-9f67-e603f6fd7eb3,2021-06-04 07:52:47,ORDER_AMOUNT,69.97,0.00,60.00,USD,daxbd873,2021-06-04 07:47:56
473103000,473103000-A,21453,f0051c56-b0dd-4e66-9c5e-7a2917984085,2021-06-01 10:18:21,COMMISSION_VAT,45.00,0.00,0.00,USD,7ypxbf74,2021-06-01 10:18:20
473103000,473103000-A,21453,bfd8bf8c-0ee2-46c4-9614-3ac2f0f4bb22,2021-06-01 10:18:21,COMMISSION_FEE,45.00,0.00,0.00,USD,7ypxbf74,2021-06-01 10:18:20
473103000,473103000-A,21453,5aef3eec-e2d3-483a-8d4e-12df7cce5de2,2021-06-01 10:18:21,ORDER_SHIPPING_AMOUNT,45.00,0.00,5.00,USD,7ypxbf74,2021-06-01 10:18:20
473103000,473103000-A,21453,4d230146-61f8-4fdb-9cb1-710093551c7b,2021-06-01 10:18:21,ORDER_AMOUNT,45.00,0.00,40.00,USD,7ypxbf74,2021-06-01 10:18:20
,806369000-A,53681,5c93ca85-1d11-421f-817d-bae7a7d13569,2021-06-01 12:34:58,REFUND_COMMISSION_VAT,0,0.00,0.00,USD,,
,806369000-A,53681,7e189a7b-8b65-42fd-b75b-66eecf7501a7,2021-06-01 12:34:58,REFUND_COMMISSION_FEE,0,0.00,0.00,USD,,
,806369000-A,53681,65328423-c3e2-493b-bd36-22d9009f57f0,2021-06-01 12:34:58,REFUND_ORDER_SHIPPING_AMOUNT,0,3.00,0.00,USD,,
,806369000-A,53681,7650cb2b-6e29-41aa-8815-f86b77d510be,2021-06-01 12:34:58,REFUND_ORDER_AMOUNT,0,40.00,0.00,USD,,
,000000019-A,2000,8040b862-3e8d-4435-9844-d95afbf040e0,2020-11-09 17:44:50,COMMISSION_VAT,0,0.00,0.00,EUR,,
,000000019-A,2000,b6211972-6b12-4c58-b7cd-99cb43dbe972,2020-11-09 17:44:50,COMMISSION_FEE,0,11.00,0.00,EUR,,
,000000019-A,2000,75699d0e-f30e-494b-a380-ecad75bf97c6,2020-11-09 17:44:50,ORDER_SHIPPING_AMOUNT,0,0.00,10.00,EUR,,
,000000019-A,2000,5c57bb77-f845-4293-b91c-d3b6f4984428,2020-11-09 17:44:50,ORDER_AMOUNT,0,0.00,100.00,EUR,,
,806369000-B,21453,17fa7efd-a183-41e4-bbfb-dd72c342ad08,2021-06-01 12:36:59,REFUND_COMMISSION_VAT,0,0.00,0.00,USD,,
,806369000-B,21453,cb51a182-47ff-4e46-9796-3158c0a7f31d,2021-06-01 12:36:59,REFUND_COMMISSION_FEE,0,0.00,0.00,USD,,
,806369000-B,21453,855ab2d6-8c9c-4cac-b39f-b6f184529789,2021-06-01 12:36:59,REFUND_ORDER_SHIPPING_AMOUNT,0,0.00,0.00,USD,,
,806369000-B,21453,86999f47-9f6d-4a31-9c28-0ed567a23dbb,2021-06-01 12:36:59,REFUND_ORDER_AMOUNT,0,30.00,0.00,USD,,
,000000033-B,2454,ac37ee55-22da-4fd3-bbe4-7c55c5b65335,2020-11-25 17:01:56,COMMISSION_VAT,0,0.00,0.00,EUR,,
,000000033-B,2454,5e70fe2a-2355-47fe-a908-34e3218ae6b6,2020-11-25 17:01:56,COMMISSION_FEE,0,7.66,0.00,EUR,,
,000000033-B,2454,d55d32b5-5e08-43e5-aeba-4dd65352c940,2020-11-25 17:01:56,ORDER_SHIPPING_AMOUNT,0,0.00,10.00,EUR,,
,000000033-B,2454,d2b6fd04-c701-4c97-8c02-fded270c565d,2020-11-25 17:01:56,ORDER_AMOUNT,0,0.00,66.60,EUR,,
,000000030-B,2454,72fb0436-53f6-4c46-965f-a9438eb7b0e6,2020-11-10 18:40:12,COMMISSION_VAT,0,0.00,0.00,EUR,,
,000000030-B,2454,355401c6-c29f-41ba-9a18-75fda1f43f88,2020-11-10 18:40:12,COMMISSION_FEE,0,7.66,0.00,EUR,,
,000000030-B,2454,68ae4123-4f62-4b5c-bc22-f9891a293de3,2020-11-10 18:40:12,ORDER_SHIPPING_AMOUNT,0,0.00,10.00,EUR,,
,000000030-B,2454,3417d296-c14e-4f5e-be77-9c41214f9eee,2020-11-10 18:40:12,ORDER_AMOUNT,0,0.00,66.60,EUR,,
,000000036-A,2000,2eacfaf1-4c1f-4e99-9216-52dea7f89998,2020-12-09 13:42:17,COMMISSION_VAT,0,0.00,0.00,EUR,,
,000000036-A,2000,f312fbe6-e0b2-4335-b5ed-ba9de01529ab,2020-12-09 13:42:17,COMMISSION_FEE,0,11.00,0.00,EUR,,
,000000036-A,2000,45386292-48db-423a-868b-7e21d9093ed1,2020-12-09 13:42:17,ORDER_SHIPPING_AMOUNT,0,0.00,10.00,EUR,,
,000000036-A,2000,06358ce1-16e0-4382-97f7-86ccbadcb7c5,2020-12-09 13:42:17,ORDER_AMOUNT,0,0.00,100.00,EUR,,
,871633000-A,53681,5cf80db6-d9e0-40b7-b07e-89e122142fec,2021-05-26 09:28:12,REFUND_COMMISSION_VAT,0,0.00,0.00,USD,,
,871633000-A,53681,af8e99d9-ed0e-470e-aff6-5b28aa9d095e,2021-05-26 09:28:12,REFUND_COMMISSION_FEE,0,0.00,0.00,USD,,
,871633000-A,53681,e5ab6ea6-04d1-4bfa-8c32-22b856e49866,2021-05-26 09:28:12,REFUND_ORDER_SHIPPING_AMOUNT,0,0.00,0.00,USD,,
,871633000-A,53681,f47a4ec3-5c73-4982-813d-e44f3fa9bc9d,2021-05-26 09:28:12,REFUND_ORDER_AMOUNT,0,20.00,0.00,USD,,
,000000009-A,2454,7ec88a7f-1171-465c-a059-9dbdff8e375e,2021-04-01 20:36:32,REFUND_COMMISSION_VAT,0,0.00,0.00,EUR,,
,000000009-A,2454,ffc5a713-365a-48ee-bea4-4ccf2acd960a,2021-04-01 20:36:32,REFUND_COMMISSION_FEE,0,0.00,7.66,EUR,,
,000000009-A,2454,9ae9e66e-298c-425c-8942-ddec1540f4e9,2021-04-01 20:36:32,REFUND_ORDER_SHIPPING_AMOUNT,0,10.00,0.00,EUR,,
,000000009-A,2454,13c1acc0-f5a5-44d9-a6f7-da6d512733e9,2021-04-01 20:36:32,REFUND_ORDER_AMOUNT,0,66.60,0.00,EUR,,
,000000009-A,2454,92b0b24d-0794-4a80-8b48-ccc8d44ffff4,2021-04-01 20:06:05,COMMISSION_VAT,0,0.00,0.00,EUR,,
,000000009-A,2454,0e385c1c-0824-4a2e-8f4c-d9520d7ce015,2021-04-01 20:06:05,COMMISSION_FEE,0,7.66,0.00,EUR,,
,000000009-A,2454,637508f2-67df-477f-9888-1a7ad6586e7d,2021-04-01 20:06:05,ORDER_SHIPPING_AMOUNT,0,0.00,10.00,EUR,,
,000000009-A,2454,72663541-8b60-4215-8eb9-5e223f1bc52c,2021-04-01 20:06:05,ORDER_AMOUNT,0,0.00,66.60,EUR,,
,486737000-A,53681,480932aa-9970-4eff-be46-45d16e2f5afe,2021-06-02 10:59:59,REFUND_COMMISSION_VAT,0,0.00,0.00,USD,,
,486737000-A,53681,9e766d65-02c0-42ed-8f5b-c6a60df68905,2021-06-02 10:59:59,REFUND_COMMISSION_FEE,0,0.00,0.00,USD,,
,486737000-A,53681,f440d82e-d371-4fea-b7c9-25b4af8bfd36,2021-06-02 10:59:59,REFUND_ORDER_SHIPPING_AMOUNT,0,3.00,0.00,USD,,
,486737000-A,53681,cb9029c3-bf19-4a0c-ae0e-4b336c776651,2021-06-02 10:59:59,REFUND_ORDER_AMOUNT,0,40.00,0.00,USD,,
,000000037-A,2000,7809477a-3901-447f-b617-f085b9ffba1e,2020-12-09 14:52:10,COMMISSION_VAT,0,0.00,0.00,EUR,,
,000000037-A,2000,56b22d5d-74c8-475e-9ff0-02c9251f7365,2020-12-09 14:52:10,COMMISSION_FEE,0,11.00,0.00,EUR,,
,000000037-A,2000,1eb7d6c8-ebf0-45cc-b651-07831c845f3a,2020-12-09 14:52:10,ORDER_SHIPPING_AMOUNT,0,0.00,10.00,EUR,,
,000000037-A,2000,ae31fcb2-57f4-47f7-9af6-b32a17a68192,2020-12-09 14:52:10,ORDER_AMOUNT,0,0.00,100.00,EUR,,
,000000032-A,2000,7b680cc4-f46e-49c3-8d60-127dc8c912eb,2020-11-25 16:20:31,COMMISSION_VAT,0,0.00,0.00,EUR,,
,000000032-A,2000,554bd502-e9e9-4ad6-ac9b-3d9cb5593c63,2020-11-25 16:20:31,COMMISSION_FEE,0,11.00,0.00,EUR,,
,000000032-A,2000,962f971a-4c52-4376-bd36-0e73da7edf35,2020-11-25 16:20:31,ORDER_SHIPPING_AMOUNT,0,0.00,10.00,EUR,,
,000000032-A,2000,f7b63575-6a64-420b-b4c8-a14211236aad,2020-11-25 16:20:31,ORDER_AMOUNT,0,0.00,100.00,EUR,,
,000000025-A,2000,ac784a58-d935-489e-8622-e7039952caae,2020-11-10 16:47:29,COMMISSION_VAT,0,0.00,0.00,EUR,,
,000000025-A,2000,97c35784-853e-4179-a12a-db1e6fd8ddc2,2020-11-10 16:47:29,COMMISSION_FEE,0,11.00,0.00,EUR,,
,000000025-A,2000,2a4021d1-59c9-4319-944a-8901947d2c63,2020-11-10 16:47:29,ORDER_SHIPPING_AMOUNT,0,0.00,10.00,EUR,,
,000000025-A,2000,09433b16-599c-42ad-9540-be1a1c0366c6,2020-11-10 16:47:29,ORDER_AMOUNT,0,0.00,100.00,EUR,,
,000000035-A,2000,089b058a-dfc3-467b-8989-1f5130dd4980,2020-12-09 13:37:00,COMMISSION_VAT,0,0.00,0.00,EUR,,
,000000035-A,2000,42966562-d9b4-4f85-95eb-eac886e2d95c,2020-12-09 13:37:00,COMMISSION_FEE,0,11.00,0.00,EUR,,
,000000035-A,2000,4b473764-5479-473e-8434-d3e4ec247e6d,2020-12-09 13:37:00,ORDER_SHIPPING_AMOUNT,0,0.00,10.00,EUR,,
,000000035-A,2000,ce3cda6c-0870-4286-8456-4a6f10b8f5cd,2020-12-09 13:37:00,ORDER_AMOUNT,0,0.00,100.00,EUR,,
,000000029-A,2000,1ad13d52-2a17-4fb5-aea5-a0307b28ee66,2020-11-10 17:40:45,COMMISSION_VAT,0,0.00,0.00,EUR,,
,000000029-A,2000,aac77a62-c646-41ae-b538-85238707cd81,2020-11-10 17:40:45,COMMISSION_FEE,0,11.00,0.00,EUR,,
,000000029-A,2000,a307dafa-1162-400f-a2a1-682b46a06540,2020-11-10 17:40:45,ORDER_SHIPPING_AMOUNT,0,0.00,10.00,EUR,,
,000000029-A,2000,67302c1a-be0d-4173-b80a-ee9b070513a2,2020-11-10 17:40:45,ORDER_AMOUNT,0,0.00,100.00,EUR,,
,473103000-A,21453,8d5425bd-959f-4d19-81b6-65512256f9d5,2021-06-01 15:01:36,REFUND_COMMISSION_VAT,0,0.00,0.00,USD,,
,473103000-A,21453,ce8e09a0-18e2-4ab7-a7c9-de869f5361b8,2021-06-01 15:01:36,REFUND_COMMISSION_FEE,0,0.00,0.00,USD,,
,473103000-A,21453,5ad913f3-d3b4-4afb-b7e0-ed5ddb0b3640,2021-06-01 15:01:36,REFUND_ORDER_SHIPPING_AMOUNT,0,5.00,0.00,USD,,
,473103000-A,21453,9f1b6bee-cf37-4d00-863a-fa81a4edf533,2021-06-01 15:01:36,REFUND_ORDER_AMOUNT,0,40.00,0.00,USD,,
,000000021-A,2000,a9f36f05-27e4-4e37-b45b-e9422f656bff,2020-11-09 18:00:41,COMMISSION_VAT,0,0.00,0.00,EUR,,
,000000021-A,2000,05b04dea-e197-4060-b38d-ac7415af02b6,2020-11-09 18:00:41,COMMISSION_FEE,0,11.00,0.00,EUR,,
,000000021-A,2000,601597eb-906b-4172-a022-1cee518b9422,2020-11-09 18:00:41,ORDER_SHIPPING_AMOUNT,0,0.00,10.00,EUR,,
,000000021-A,2000,fcfee51f-0f48-4b26-a058-700ac7ec0038,2020-11-09 18:00:41,ORDER_AMOUNT,0,0.00,100.00,EUR,,
,000000006-A,2454,e4f2a10c-9ba0-400e-b593-0a8d3a113aa6,2021-03-19 15:19:58,COMMISSION_VAT,0,0.00,0.00,EUR,,
,000000006-A,2454,62b40c3e-277a-43fe-b1ae-e1c6b652a5ba,2021-03-19 15:19:58,COMMISSION_FEE,0,7.66,0.00,EUR,,
,000000006-A,2454,e5eae078-ca9c-41f5-b1eb-d6c93db0c139,2021-03-19 15:19:58,ORDER_SHIPPING_AMOUNT,0,0.00,10.00,EUR,,
,000000006-A,2454,f50741a8-ba98-4d4b-8eff-d42d9d7edd67,2021-03-19 15:19:58,ORDER_AMOUNT,0,0.00,66.60,EUR,,
,000000023-A,2000,f00740a1-e9f7-430b-a5f1-04baa783e87c,2020-11-10 15:18:18,COMMISSION_VAT,0,0.00,0.00,EUR,,
,000000023-A,2000,2a8129b5-30ae-4d45-81e3-0f8904cf3ec4,2020-11-10 15:18:18,COMMISSION_FEE,0,21.10,0.00,EUR,,
,000000023-A,2000,45439025-0592-460d-8597-0e277bffa241,2020-11-10 15:18:18,ORDER_SHIPPING_AMOUNT,0,0.00,11.00,EUR,,
,000000023-A,2000,c9776308-0cd1-4c27-9437-f36c850ad107,2020-11-10 15:18:18,ORDER_AMOUNT,0,0.00,200.00,EUR,,
,000000020-A,2000,d72a35e6-019f-466f-b879-2581caefc210,2020-11-09 17:50:39,COMMISSION_VAT,0,0.00,0.00,EUR,,
,000000020-A,2000,df98ff5d-e26a-4677-984c-a78c9c34d38c,2020-11-09 17:50:39,COMMISSION_FEE,0,11.00,0.00,EUR,,
,000000020-A,2000,fd04a2af-270a-44ff-9d56-b875e517f4d2,2020-11-09 17:50:39,ORDER_SHIPPING_AMOUNT,0,0.00,10.00,EUR,,
,000000020-A,2000,c177951e-ff25-416e-9bda-ad2e786438bd,2020-11-09 17:50:39,ORDER_AMOUNT,0,0.00,100.00,EUR,,
,000000031-B,2454,0d75a3fa-61e9-4353-a586-56073478f6b8,2020-11-10 18:49:40,COMMISSION_VAT,0,0.00,0.00,EUR,,
,000000031-B,2454,8003f6df-cb53-42b9-8b44-c0fc19a83b83,2020-11-10 18:49:40,COMMISSION_FEE,0,7.66,0.00,EUR,,
,000000031-B,2454,675c2fef-f13f-46ba-b320-92b2220bb2cc,2020-11-10 18:49:40,ORDER_SHIPPING_AMOUNT,0,0.00,10.00,EUR,,
,000000031-B,2454,0afa913b-eb0f-4ab9-a5c3-f169f5260bdf,2020-11-10 18:49:40,ORDER_AMOUNT,0,0.00,66.60,EUR,,
,000000005-A,2454,72787713-24e2-4d96-af42-4cec36c97d05,2021-03-19 14:07:23,COMMISSION_VAT,0,0.00,0.00,EUR,,
,000000005-A,2454,534e0012-5d64-4a7a-88db-65f859023aef,2021-03-19 14:07:23,COMMISSION_FEE,0,7.66,0.00,EUR,,
,000000005-A,2454,10eaf784-95e3-4e75-843c-d3d8088e4d30,2021-03-19 14:07:23,ORDER_SHIPPING_AMOUNT,0,0.00,10.00,EUR,,
,000000005-A,2454,e6f7c9eb-d920-4895-99a5-24cc9677d1a7,2021-03-19 14:07:23,ORDER_AMOUNT,0,0.00,66.60,EUR,,
